date,product,region,quantity,unit_price,revenue
2022-10-09,Wireless Mouse,North,8,20477.36,163818.89
2022-03-31,Wireless Mouse,Central,19,38262.0,726978.05
2022-08-12,Laptop Pro,North,8,45729.3,365834.39
2022-07-23,Laptop Pro,Central,18,38047.02,684846.43
2022-10-12,Desk Lamp,Central,1,68413.26,68413.26
2022-12-15,Standing Desk,West,9,14415.42,129738.74
2022-04-05,Webcam HD,North,13,9156.12,119029.5
2022-09-28,Webcam HD,Central,2,65810.99,131621.99
2022-03-22,Wireless Mouse,West,18,26739.46,481310.21
2022-07-16,Webcam HD,Central,3,4601.28,13803.85
2022-03-23,Office Chair,East,8,78050.29,624402.31
2023-04-10,Keyboard Mech,East,12,15057.54,180690.5
2023-11-18,Webcam HD,South,9,63312.92,569816.26
2023-10-13,Wireless Mouse,Central,6,48305.52,289833.11
2023-04-19,Office Chair,South,13,24660.33,320584.3
2022-02-27,Office Chair,East,8,74051.33,592410.66
2022-10-02,Webcam HD,West,3,19382.96,58148.89
2023-11-03,Webcam HD,South,16,35909.06,574544.88
2022-09-29,Desk Lamp,South,5,22573.16,112865.81
2023-03-15,Monitor 27in,Central,19,36246.35,688680.56
2023-06-06,Office Chair,South,16,8636.39,138182.28
2022-06-06,Laptop Pro,North,6,71391.1,428346.62
2022-03-07,Keyboard Mech,Central,13,34654.93,450514.04
2022-09-15,Desk Lamp,Central,18,77539.78,1395716.1
2023-11-30,Laptop Pro,North,18,67703.56,1218664.14
2022-10-28,Webcam HD,North,14,14655.12,205171.67
2023-05-28,Laptop Pro,East,6,45937.51,275625.06
2023-10-17,Wireless Mouse,East,17,55002.83,935048.18
2022-06-15,Standing Desk,East,18,85838.23,1545088.09
2022-11-28,Laptop Pro,Central,16,2243.17,35890.7
2022-09-03,Webcam HD,East,2,22058.01,44116.02
2023-05-13,Wireless Mouse,North,3,88029.61,264088.84
2023-11-07,Standing Desk,South,16,85242.96,1363887.31
2023-06-25,Standing Desk,East,20,38370.85,767416.91
2023-12-08,Office Chair,Central,7,64308.93,450162.53
2023-03-25,Keyboard Mech,East,17,40908.01,695436.16
2022-03-07,Office Chair,South,11,2382.57,26208.23
2022-08-14,Office Chair,Central,1,6853.88,6853.88
2022-03-11,Laptop Pro,South,2,77437.37,154874.74
2022-09-01,Wireless Mouse,Central,9,60373.51,543361.6
2022-05-16,Office Chair,Central,19,52070.94,989347.91
2023-02-21,Office Chair,West,7,8942.16,62595.11
2023-03-10,Keyboard Mech,East,14,42298.71,592181.91
2022-03-04,Laptop Pro,North,13,65675.12,853776.51
2022-07-16,Wireless Mouse,South,7,48497.57,339483.02
2022-07-07,Standing Desk,West,9,41905.21,377146.91
2023-07-18,Wireless Mouse,West,4,5027.66,20110.62
2022-08-31,Laptop Pro,North,6,36874.06,221244.35
2023-02-15,Desk Lamp,South,2,15235.02,30470.04
2022-09-29,Laptop Pro,West,15,26029.81,390447.09
2022-07-14,Desk Lamp,South,10,19984.23,199842.3
2023-07-10,Laptop Pro,Central,2,67443.81,134887.63
2023-08-22,Laptop Pro,North,16,45505.11,728081.75
2023-06-05,Standing Desk,North,3,76695.16,230085.47
2022-03-11,Wireless Mouse,Central,8,36637.91,293103.29
2023-09-01,Office Chair,Central,2,55934.65,111869.29
2023-08-02,Keyboard Mech,Central,17,28815.1,489856.72
2023-11-17,Monitor 27in,South,11,21862.39,240486.32
2023-11-19,Keyboard Mech,South,10,41421.6,414215.99
2023-04-15,Wireless Mouse,North,20,89861.67,1797233.45
2023-07-05,Wireless Mouse,North,7,45776.68,320436.76
2022-03-12,Standing Desk,East,8,33572.67,268581.4
2023-07-11,Standing Desk,West,10,55245.16,552451.6
2022-11-03,Laptop Pro,Central,4,84534.24,338136.94
2022-04-29,Standing Desk,East,4,66946.29,267785.17
2022-10-16,Standing Desk,East,20,19351.35,387027.08
2023-12-05,Webcam HD,South,9,45734.11,411607.0
2022-04-05,Monitor 27in,North,14,74726.65,1046173.16
2022-12-08,Laptop Pro,North,5,57521.65,287608.24
2023-03-29,Monitor 27in,South,18,63657.24,1145830.26
2022-03-19,Laptop Pro,North,5,49330.33,246651.65
2023-07-20,Webcam HD,Central,5,38965.91,194829.55
2023-01-09,Laptop Pro,East,2,80953.75,161907.51
2023-11-14,Office Chair,South,4,32154.24,128616.95
2022-06-08,Keyboard Mech,Central,8,77882.21,623057.68
2022-01-26,Standing Desk,West,6,66422.52,398535.12
2023-11-17,Webcam HD,West,8,24379.11,195032.89
2022-02-09,Wireless Mouse,West,16,20407.82,326525.08
2022-11-09,Desk Lamp,East,8,20451.66,163613.26
2022-12-03,Office Chair,West,9,77859.59,700736.29
2023-10-19,Monitor 27in,East,17,36271.22,616610.66
2022-04-29,Webcam HD,North,9,16481.82,148336.38
2022-04-22,Monitor 27in,North,20,39393.46,787869.13
2023-09-13,Webcam HD,West,17,10850.3,184455.06
2022-02-15,Office Chair,East,14,651.37,9119.17
2023-03-18,Office Chair,East,3,85424.27,256272.8
2022-11-18,Webcam HD,Central,4,64918.01,259672.03
2022-11-13,Monitor 27in,Central,14,29693.37,415707.18
2022-05-11,Monitor 27in,Central,7,38129.95,266909.63
2023-09-23,Keyboard Mech,South,19,27435.01,521265.26
2022-10-21,Laptop Pro,East,7,38974.99,272824.93
2023-03-29,Webcam HD,West,15,60968.64,914529.56
2023-11-06,Desk Lamp,South,3,25898.88,77696.65
2022-08-29,Webcam HD,North,10,20605.34,206053.4
2022-01-26,Office Chair,South,2,22413.41,44826.82
2022-03-16,Desk Lamp,Central,15,37592.47,563887.06
2023-05-22,Office Chair,West,13,22336.61,290375.9
2023-03-12,Laptop Pro,North,8,16241.86,129934.86
2023-07-25,Desk Lamp,North,8,82613.57,660908.53
2022-05-17,Wireless Mouse,West,15,60248.21,903723.11
2023-09-20,Webcam HD,West,17,38693.3,657786.06
2023-05-02,Desk Lamp,South,15,23697.64,355464.65
2023-06-18,Office Chair,East,16,56593.99,905503.76
2022-03-21,Monitor 27in,West,10,21487.18,214871.75
2023-07-08,Webcam HD,East,3,12884.48,38653.44
2023-12-12,Office Chair,West,5,63724.51,318622.57
2023-02-22,Wireless Mouse,West,11,49063.7,539700.67
2022-07-31,Keyboard Mech,North,14,35358.17,495014.45
2023-01-25,Laptop Pro,Central,16,1027.7,16443.19
2023-02-04,Webcam HD,East,14,48670.74,681390.37
2022-08-13,Office Chair,West,9,39507.32,355565.88
2022-12-11,Laptop Pro,West,13,65314.23,849085.03
2023-09-30,Desk Lamp,South,18,2913.5,52442.95
2023-08-01,Keyboard Mech,Central,1,8013.3,8013.3
2023-04-18,Keyboard Mech,South,6,5000.47,30002.85
2022-08-05,Keyboard Mech,East,15,29752.7,446290.49
2023-03-08,Keyboard Mech,East,9,75224.53,677020.74
2023-07-07,Desk Lamp,North,2,89991.75,179983.5
2023-10-28,Webcam HD,South,3,70420.36,211261.07
2022-09-11,Laptop Pro,North,7,75610.98,529276.87
2022-05-10,Standing Desk,South,16,60416.57,966665.07
2023-12-18,Office Chair,West,9,69137.38,622236.42
2023-09-14,Standing Desk,Central,4,70112.37,280449.5
2022-04-21,Standing Desk,East,19,2798.22,53166.16
2023-11-25,Monitor 27in,Central,13,36000.57,468007.44
2023-08-30,Office Chair,North,8,9620.17,76961.33
2022-05-04,Monitor 27in,Central,19,70545.86,1340371.41
2023-03-15,Webcam HD,Central,12,6671.63,80059.54
2023-03-07,Webcam HD,North,16,9945.73,159131.66
2023-12-26,Webcam HD,West,5,39476.1,197380.5
2023-07-06,Monitor 27in,Central,16,42106.2,673699.24
2022-09-09,Monitor 27in,East,3,25464.08,76392.23
2023-04-21,Desk Lamp,South,19,55124.69,1047369.06
2022-01-30,Keyboard Mech,East,16,76660.28,1226564.46
2022-08-06,Standing Desk,West,12,71906.0,862871.95
2023-09-03,Webcam HD,East,9,50243.3,452189.67
2022-09-05,Office Chair,North,14,44227.72,619188.04
2023-10-24,Office Chair,West,16,40611.62,649785.96
2022-10-29,Laptop Pro,North,8,36693.9,293551.21
2023-11-11,Office Chair,East,19,33527.33,637019.28
2023-07-18,Webcam HD,West,11,31987.04,351857.46
2022-11-10,Desk Lamp,East,9,21133.15,190198.39
2022-05-03,Office Chair,East,18,85603.54,1540863.75
2022-08-10,Standing Desk,South,16,25246.72,403947.47
2022-07-18,Monitor 27in,North,10,20859.74,208597.43
2022-01-15,Standing Desk,East,18,11829.17,212925.15
2023-07-21,Laptop Pro,North,10,62918.86,629188.57
2022-04-16,Standing Desk,West,1,51878.75,51878.75
2023-03-28,Desk Lamp,West,11,17000.55,187006.03
2023-05-05,Laptop Pro,East,4,74079.35,296317.4
2022-03-17,Keyboard Mech,West,19,56835.39,1079872.42
2022-06-02,Laptop Pro,South,19,85446.74,1623488.15
2022-05-02,Wireless Mouse,South,18,68917.69,1240518.39
2023-01-25,Office Chair,Central,15,81811.14,1227167.13
2023-03-16,Monitor 27in,Central,10,51392.34,513923.38
2022-04-12,Laptop Pro,Central,7,56483.6,395385.17
2022-06-10,Monitor 27in,North,8,16056.31,128450.5
2022-01-03,Wireless Mouse,South,14,40820.08,571481.14
2022-02-03,Desk Lamp,East,8,26285.39,210283.1
2022-03-14,Monitor 27in,West,8,83190.04,665520.31
2022-04-28,Office Chair,West,18,20620.45,371168.02
2022-05-26,Standing Desk,East,3,5837.6,17512.81
2023-08-06,Monitor 27in,Central,10,39804.23,398042.34
2023-12-18,Desk Lamp,East,13,84869.52,1103303.81
2022-03-24,Desk Lamp,West,20,4067.54,81350.8
2023-09-11,Keyboard Mech,East,9,2814.91,25334.17
2023-08-25,Office Chair,Central,1,89961.73,89961.73
2022-02-11,Monitor 27in,Central,6,42609.82,255658.94
2022-07-05,Desk Lamp,East,19,39511.71,750722.42
2023-04-27,Desk Lamp,North,12,37047.15,444565.85
2022-06-14,Webcam HD,North,11,37342.24,410764.59
2023-11-10,Desk Lamp,East,13,73314.16,953084.08
2022-04-01,Laptop Pro,West,11,23089.7,253986.67
2023-06-11,Wireless Mouse,West,1,59360.6,59360.6
2022-02-25,Desk Lamp,West,7,46900.33,328302.28
2022-02-22,Desk Lamp,West,7,24401.53,170810.73
2023-03-25,Standing Desk,East,16,11367.63,181882.15
2022-11-15,Office Chair,South,18,1723.86,31029.56
2022-08-19,Keyboard Mech,North,4,41799.59,167198.35
2023-05-26,Wireless Mouse,South,10,46044.05,460440.45
2023-05-10,Monitor 27in,West,16,22313.92,357022.66
2022-07-15,Standing Desk,West,20,45987.56,919751.2
2022-10-10,Standing Desk,North,14,30918.83,432863.68
2022-10-17,Monitor 27in,North,10,75454.1,754540.95
2023-04-03,Desk Lamp,South,18,43848.55,789273.97
2023-07-11,Webcam HD,Central,13,41253.34,536293.46
2023-12-16,Webcam HD,South,8,51675.89,413407.11
2022-02-14,Office Chair,West,11,67151.11,738662.22
2023-11-11,Keyboard Mech,West,5,44831.91,224159.57
2023-05-30,Laptop Pro,South,19,30213.53,574056.99
2022-04-13,Wireless Mouse,West,17,81984.53,1393737.01
2023-02-24,Laptop Pro,South,5,7197.13,35985.64
2023-10-01,Monitor 27in,East,13,58660.38,762584.95
2023-01-25,Webcam HD,Central,11,56598.53,622583.79
2022-02-06,Desk Lamp,Central,20,6623.66,132473.14
2022-04-03,Monitor 27in,South,14,88061.23,1232857.17
2022-06-20,Wireless Mouse,West,10,81356.45,813564.54
2022-02-27,Laptop Pro,East,10,32582.47,325824.69
2022-09-08,Keyboard Mech,South,17,37378.63,635436.74
2022-06-29,Standing Desk,South,3,55049.51,165148.54
2023-12-01,Keyboard Mech,Central,8,45041.22,360329.75
2023-04-18,Standing Desk,South,9,41631.56,374684.04
2022-10-22,Laptop Pro,West,18,14638.82,263498.73
2023-08-25,Desk Lamp,East,10,57685.01,576850.14
2023-04-13,Keyboard Mech,East,10,18329.92,183299.21
2022-04-20,Keyboard Mech,West,8,34632.1,277056.84
2022-10-30,Webcam HD,Central,10,2463.59,24635.94
2022-01-09,Keyboard Mech,East,19,77923.53,1480547.11
2023-05-24,Laptop Pro,Central,10,69928.82,699288.18
2022-12-27,Office Chair,Central,8,57477.3,459818.4
2023-10-06,Monitor 27in,South,4,81354.63,325418.53
2023-03-28,Laptop Pro,East,2,52371.86,104743.71
2022-10-30,Standing Desk,North,11,67399.54,741394.91
2022-05-16,Standing Desk,South,18,78943.22,1420978.02
2023-05-29,Webcam HD,Central,9,74827.3,673445.7
2022-10-30,Monitor 27in,West,11,72478.81,797266.93
2022-05-25,Desk Lamp,North,8,77482.58,619860.67
2023-01-10,Keyboard Mech,Central,3,71266.04,213798.11
2023-07-04,Laptop Pro,East,4,41203.35,164813.4
2023-01-26,Monitor 27in,Central,12,10196.98,122363.71
2022-01-26,Office Chair,West,20,79639.02,1592780.37
2022-08-15,Webcam HD,Central,3,57368.65,172105.95
2023-10-27,Desk Lamp,East,14,10942.5,153194.95
2022-11-08,Laptop Pro,North,16,10892.78,174284.53
2022-05-19,Office Chair,Central,13,41101.12,534314.51
2022-06-08,Keyboard Mech,Central,14,59115.51,827617.14
2023-02-22,Desk Lamp,Central,9,3428.11,30852.97
2023-03-31,Webcam HD,South,15,85574.69,1283620.32
2023-12-04,Webcam HD,North,12,49229.69,590756.34
2023-02-12,Webcam HD,North,9,17487.87,157390.8
2022-04-04,Wireless Mouse,West,7,57932.55,405527.85
2022-12-08,Laptop Pro,North,8,88999.47,711995.77
2023-07-22,Office Chair,North,7,52981.29,370869.0
2022-06-01,Office Chair,East,20,753.78,15075.64
2023-07-08,Standing Desk,South,9,71966.99,647702.88
2022-05-15,Wireless Mouse,North,1,32562.68,32562.68
2022-11-28,Office Chair,Central,1,16095.04,16095.04
2023-03-08,Laptop Pro,South,17,10671.61,181417.42
2023-04-05,Wireless Mouse,West,12,46434.8,557217.57
2023-05-31,Wireless Mouse,West,8,85114.7,680917.6
2022-11-05,Laptop Pro,Central,15,58078.99,871184.87
2023-05-06,Laptop Pro,North,13,38651.49,502469.36
2023-12-31,Wireless Mouse,West,15,7077.42,106161.29
2023-09-15,Wireless Mouse,East,5,6378.56,31892.8
2023-10-11,Monitor 27in,Central,19,49577.9,941980.12
2023-09-04,Webcam HD,West,17,26893.35,457186.92
2023-12-20,Keyboard Mech,North,4,76824.95,307299.8
2023-04-08,Office Chair,West,8,37536.31,300290.52
2023-03-02,Desk Lamp,West,4,28473.08,113892.31
2023-01-19,Webcam HD,East,5,61970.48,309852.41
2022-04-04,Desk Lamp,North,3,8844.09,26532.28
2022-05-14,Wireless Mouse,East,18,5868.3,105629.36
2023-02-25,Webcam HD,North,12,78687.86,944254.32
2022-10-22,Keyboard Mech,North,20,28464.18,569283.53
2023-06-04,Wireless Mouse,Central,7,14348.35,100438.46
2022-04-21,Desk Lamp,South,12,76160.92,913931.05
2022-10-13,Webcam HD,North,19,20741.24,394083.54
2023-09-29,Keyboard Mech,Central,20,60910.42,1218208.31
2023-11-05,Laptop Pro,Central,9,3091.31,27821.79
2022-12-14,Monitor 27in,East,12,1046.47,12557.62
2023-11-05,Standing Desk,Central,13,6727.9,87462.64
2023-06-28,Laptop Pro,North,7,34169.4,239185.8
2022-06-11,Desk Lamp,East,12,28391.54,340698.54
2023-09-03,Webcam HD,Central,3,79559.13,238677.38
2023-09-25,Standing Desk,South,2,60820.2,121640.4
2023-11-09,Monitor 27in,West,14,43966.72,615534.12
2022-10-07,Desk Lamp,West,7,68067.41,476471.88
2023-03-17,Wireless Mouse,East,4,25850.56,103402.24
2023-11-15,Desk Lamp,Central,10,4564.85,45648.54
2022-02-26,Keyboard Mech,Central,1,18795.87,18795.87
2022-09-19,Office Chair,South,10,29866.95,298669.51
2023-03-17,Laptop Pro,West,6,12062.12,72372.72
2023-07-27,Office Chair,Central,12,6950.76,83409.08
2022-01-20,Laptop Pro,West,15,82944.04,1244160.57
2023-03-16,Webcam HD,Central,19,36695.85,697221.12
2022-04-28,Keyboard Mech,East,13,2366.66,30766.61
2023-09-25,Webcam HD,South,15,74966.32,1124494.79
2023-03-24,Webcam HD,North,4,22276.82,89107.3
2022-03-22,Keyboard Mech,Central,13,78411.94,1019355.16
2022-12-08,Webcam HD,South,6,7335.95,44015.73
2023-06-07,Wireless Mouse,Central,7,81580.08,571060.59
2023-10-23,Webcam HD,East,5,21646.06,108230.31
2022-07-22,Standing Desk,East,6,54414.71,326488.26
2023-10-06,Wireless Mouse,South,16,42023.8,672380.79
2023-10-21,Desk Lamp,Central,20,29427.14,588542.75
2023-03-27,Webcam HD,South,3,42468.44,127405.31
2023-08-29,Monitor 27in,East,2,31998.83,63997.66
2023-04-18,Wireless Mouse,East,15,3865.85,57987.73
2022-03-20,Webcam HD,East,3,55543.25,166629.75
2023-08-18,Keyboard Mech,West,18,85903.72,1546266.91
2023-08-09,Laptop Pro,West,7,29276.65,204936.52
2022-06-04,Desk Lamp,Central,2,40821.82,81643.64
2023-06-01,Webcam HD,North,6,4003.22,24019.32
2023-06-21,Desk Lamp,West,17,55077.58,936318.93
2022-10-17,Webcam HD,East,13,37084.86,482103.19
2022-02-23,Webcam HD,Central,11,6399.11,70390.22
2023-11-26,Wireless Mouse,Central,13,25931.15,337105.0
2022-03-25,Standing Desk,East,19,59893.28,1137972.39
2023-11-03,Webcam HD,East,13,12041.17,156535.25
2023-07-27,Wireless Mouse,East,13,58092.65,755204.41
2023-11-18,Webcam HD,South,17,8864.04,150688.69
2023-01-06,Keyboard Mech,Central,1,32952.49,32952.49
2022-12-16,Standing Desk,South,16,17684.47,282951.49
2022-03-21,Standing Desk,South,10,76076.34,760763.41
2023-07-07,Wireless Mouse,Central,17,3878.4,65932.81
2022-05-15,Webcam HD,Central,20,34216.43,684328.57
2023-12-11,Standing Desk,South,20,72909.41,1458188.26
2022-02-14,Standing Desk,West,14,33104.8,463467.17
2023-09-18,Office Chair,West,10,67839.01,678390.09
2023-07-01,Desk Lamp,South,8,28197.38,225579.01
2023-01-12,Desk Lamp,South,19,88607.36,1683539.87
2023-01-27,Desk Lamp,East,17,47707.65,811030.07
2023-09-12,Standing Desk,South,5,78633.67,393168.36
2023-01-16,Laptop Pro,West,18,84119.27,1514146.92
2022-03-27,Wireless Mouse,East,6,24914.82,149488.93
2022-04-04,Standing Desk,West,8,73594.94,588759.53
2023-03-01,Webcam HD,North,2,35982.63,71965.26
2023-01-31,Webcam HD,South,3,34054.68,102164.05
2022-04-12,Laptop Pro,East,11,71328.57,784614.24
2022-10-21,Standing Desk,North,16,62798.44,1004775.09
2023-04-05,Standing Desk,West,20,969.98,19399.64
2022-09-20,Wireless Mouse,North,7,75229.2,526604.38
2022-10-23,Keyboard Mech,North,8,27453.03,219624.26
2023-03-06,Laptop Pro,South,20,41411.67,828233.37
2023-09-04,Wireless Mouse,West,18,1970.96,35477.35
2022-10-26,Office Chair,South,14,640.01,8960.11
2023-08-08,Webcam HD,South,14,17264.6,241704.33
2023-01-05,Wireless Mouse,Central,3,85829.63,257488.89
2023-04-27,Laptop Pro,West,2,57392.54,114785.07
2022-01-17,Webcam HD,East,12,71072.54,852870.5
2023-11-04,Webcam HD,South,4,69549.37,278197.49
2022-02-15,Webcam HD,South,12,49368.23,592418.76
2023-12-14,Standing Desk,West,16,57040.36,912645.73
2023-04-14,Standing Desk,North,2,26763.11,53526.22
2022-02-12,Laptop Pro,South,11,84036.7,924403.73
2023-04-30,Keyboard Mech,Central,9,3777.56,33998.03
2023-01-01,Office Chair,East,2,77988.95,155977.89
2022-05-08,Webcam HD,East,12,39607.15,475285.79
2023-01-31,Keyboard Mech,West,11,87648.26,964130.87
2023-01-12,Desk Lamp,West,17,24371.5,414315.54
2022-03-22,Wireless Mouse,West,14,54419.57,761873.98
2022-10-28,Standing Desk,Central,11,9682.51,106507.64
2022-11-10,Webcam HD,East,15,54434.64,816519.54
2023-12-08,Keyboard Mech,South,15,31963.46,479451.83
2023-09-22,Laptop Pro,East,14,25072.7,351017.87
2023-11-19,Laptop Pro,North,13,33016.35,429212.5
2022-05-27,Standing Desk,North,20,61188.95,1223779.08
2022-05-10,Desk Lamp,North,3,21621.59,64864.76
2023-01-28,Webcam HD,East,19,3398.49,64571.24
2023-01-15,Standing Desk,West,12,40232.57,482790.8
2022-05-21,Wireless Mouse,Central,17,33342.02,566814.35
2022-09-13,Webcam HD,East,4,2819.24,11276.98
2023-06-15,Standing Desk,West,13,82262.05,1069406.71
2022-09-24,Wireless Mouse,East,15,19704.05,295560.8
2022-07-24,Monitor 27in,West,4,12647.69,50590.77
2022-06-26,Wireless Mouse,West,15,89754.99,1346324.78
2023-12-28,Webcam HD,East,3,49724.74,149174.23
2022-06-11,Monitor 27in,East,6,71535.83,429214.96
2022-07-25,Office Chair,North,5,21687.89,108439.44
2023-01-05,Desk Lamp,North,18,51718.83,930938.9
2022-05-13,Desk Lamp,Central,20,79640.06,1592801.14
2023-02-12,Wireless Mouse,East,16,47549.76,760796.18
2022-03-17,Keyboard Mech,Central,5,87527.99,437639.93
2023-04-23,Wireless Mouse,West,17,31334.07,532679.24
2023-03-20,Standing Desk,South,17,82008.75,1394148.72
2023-06-15,Laptop Pro,North,5,27719.15,138595.73
2023-12-28,Standing Desk,East,8,31469.07,251752.53
2022-09-14,Monitor 27in,North,7,57337.61,401363.27
2023-10-03,Monitor 27in,South,10,55491.33,554913.31
2023-10-19,Wireless Mouse,Central,6,53466.86,320801.14
2023-11-06,Standing Desk,South,20,64996.63,1299932.66
2022-02-12,Webcam HD,Central,1,7769.45,7769.45
2023-08-09,Monitor 27in,South,14,55820.7,781489.86
2023-10-05,Laptop Pro,West,18,26425.61,475661.04
2022-09-08,Monitor 27in,West,13,27120.33,352564.31
2022-06-11,Wireless Mouse,North,15,37698.15,565472.19
2022-12-15,Desk Lamp,South,20,13358.35,267166.96
2023-02-13,Webcam HD,East,5,68579.52,342897.59
2022-09-05,Wireless Mouse,East,15,11465.71,171985.66
2022-05-25,Desk Lamp,South,4,5029.17,20116.69
2023-03-05,Keyboard Mech,Central,8,86660.38,693283.07
2023-08-15,Standing Desk,East,11,17490.15,192391.67
2023-06-12,Standing Desk,West,15,45138.99,677084.91
2022-01-24,Monitor 27in,West,3,85098.34,255295.01
2022-08-09,Desk Lamp,South,19,32084.11,609598.1
2023-05-22,Laptop Pro,East,20,79469.38,1589387.66
2023-07-04,Desk Lamp,East,1,76321.93,76321.93
2022-09-28,Keyboard Mech,South,12,68865.18,826382.16
2023-02-15,Webcam HD,North,2,51540.21,103080.41
2023-07-21,Office Chair,East,10,7081.09,70810.92
2022-10-14,Desk Lamp,Central,20,61395.68,1227913.57
2022-04-10,Wireless Mouse,South,13,33901.25,440716.26
2023-01-10,Webcam HD,Central,5,18315.68,91578.4
2022-02-11,Keyboard Mech,Central,2,3982.8,7965.6
2023-06-16,Webcam HD,West,15,13830.19,207452.84
2023-09-20,Standing Desk,East,11,15043.93,165483.26
2022-12-11,Monitor 27in,Central,17,74631.9,1268742.3
2022-11-03,Desk Lamp,Central,16,73509.52,1176152.33
2023-11-21,Webcam HD,East,4,88200.87,352803.5
2023-09-04,Monitor 27in,North,16,24264.97,388239.59
2023-08-21,Office Chair,North,16,15760.83,252173.27
2023-11-29,Keyboard Mech,South,8,3325.56,26604.49
2022-01-20,Wireless Mouse,South,15,28575.48,428632.16
2023-12-09,Standing Desk,West,7,37228.78,260601.45
2023-12-24,Desk Lamp,North,5,46922.15,234610.74
2023-06-23,Webcam HD,West,13,28580.86,371551.15
2023-06-30,Standing Desk,West,11,49391.45,543305.98
2023-05-11,Monitor 27in,Central,7,86181.7,603271.88
2022-11-02,Monitor 27in,Central,8,84762.96,678103.65
2023-12-23,Monitor 27in,East,7,62276.47,435935.3
2023-05-07,Desk Lamp,East,12,50663.64,607963.67
2022-05-05,Monitor 27in,East,19,61057.69,1160096.13
2022-12-20,Keyboard Mech,West,5,26495.51,132477.56
2022-12-21,Monitor 27in,North,15,59209.5,888142.48
2022-07-26,Desk Lamp,South,18,24766.38,445794.82
2022-04-22,Monitor 27in,South,20,66809.74,1336194.85
2022-02-21,Office Chair,South,17,20697.61,351859.41
2022-04-13,Office Chair,North,14,30061.28,420857.91
2023-11-29,Desk Lamp,North,5,963.74,4818.7
2023-10-31,Standing Desk,West,16,43231.64,691706.28
2022-11-25,Office Chair,East,10,58307.86,583078.64
2022-08-26,Wireless Mouse,Central,18,66612.44,1199023.99
2023-03-04,Laptop Pro,South,6,84086.07,504516.44
2023-05-23,Laptop Pro,West,6,84326.48,505958.9
2022-01-10,Monitor 27in,North,10,51332.59,513325.87
2022-10-19,Wireless Mouse,East,15,89024.4,1335366.04
2023-06-01,Desk Lamp,South,15,24918.92,373783.78
2022-06-16,Wireless Mouse,East,15,58521.54,877823.07
2022-12-12,Standing Desk,North,10,51316.42,513164.19
2023-09-18,Office Chair,South,13,74515.59,968702.66
2023-02-15,Webcam HD,North,4,17037.92,68151.67
2022-11-28,Standing Desk,West,8,1111.3,8890.37
2023-04-03,Keyboard Mech,South,9,85886.12,772975.05
2023-08-10,Monitor 27in,Central,1,23909.01,23909.01
2022-03-05,Webcam HD,South,4,42152.85,168611.41
2023-12-04,Standing Desk,West,17,83117.99,1413005.8
2023-10-17,Monitor 27in,North,10,33395.18,333951.79
2022-05-17,Office Chair,South,16,14210.11,227361.73
2023-12-20,Webcam HD,West,18,82195.32,1479515.79
2023-11-28,Office Chair,South,20,78645.59,1572911.75
2023-04-03,Wireless Mouse,Central,17,63487.07,1079280.16
2022-04-25,Wireless Mouse,Central,2,74675.28,149350.56
2023-07-04,Office Chair,Central,5,15226.08,76130.38
2023-11-28,Desk Lamp,North,7,64664.16,452649.11
2023-06-07,Desk Lamp,North,15,72877.94,1093169.12
2023-06-10,Desk Lamp,South,14,41383.46,579368.49
2023-04-19,Laptop Pro,Central,10,65233.57,652335.67
2022-01-04,Keyboard Mech,East,7,52258.86,365812.01
2022-12-19,Laptop Pro,West,3,48934.13,146802.4
2023-04-29,Laptop Pro,North,2,26194.62,52389.24
2023-10-19,Standing Desk,South,14,34014.25,476199.53
2023-01-22,Keyboard Mech,West,13,7682.37,99870.87
2022-05-02,Standing Desk,East,6,89359.79,536158.72
2022-05-11,Keyboard Mech,Central,8,75216.53,601732.27
2023-04-20,Laptop Pro,East,18,38459.46,692270.26
2022-09-11,Keyboard Mech,South,15,31481.3,472219.44
2022-04-26,Monitor 27in,South,2,72948.3,145896.59
2022-01-17,Keyboard Mech,Central,8,18944.31,151554.44
2022-02-04,Wireless Mouse,Central,15,54001.75,810026.22
2022-02-15,Laptop Pro,South,13,39787.17,517233.23
2022-05-24,Office Chair,North,17,89416.77,1520085.06
2022-11-23,Office Chair,Central,19,54013.63,1026259.01
2022-11-06,Webcam HD,South,5,88719.75,443598.76
2022-11-04,Office Chair,West,9,5955.71,53601.38
2023-07-24,Standing Desk,West,16,4696.13,75138.03
2023-06-22,Webcam HD,West,11,62819.6,691015.63
2022-11-04,Keyboard Mech,South,13,16957.17,220443.19
2022-08-19,Desk Lamp,South,10,77249.94,772499.41
2022-03-01,Standing Desk,West,18,37434.64,673823.43
2023-06-27,Keyboard Mech,Central,5,35263.5,176317.52
2022-12-05,Monitor 27in,South,3,83039.24,249117.71
2023-07-03,Webcam HD,North,7,5112.53,35787.7
2023-09-10,Keyboard Mech,Central,2,78689.03,157378.06
2023-11-19,Office Chair,Central,18,19922.98,358613.62
2022-11-07,Office Chair,East,1,19456.8,19456.8
2023-05-06,Office Chair,North,8,62758.55,502068.42
2022-09-03,Office Chair,West,18,29284.54,527121.78
2023-04-23,Monitor 27in,West,18,58560.56,1054090.08
2023-01-04,Monitor 27in,East,17,79511.67,1351698.39
2023-04-26,Desk Lamp,North,11,82332.58,905658.38
2023-02-28,Webcam HD,East,2,50845.96,101691.93
2022-01-17,Office Chair,South,9,50021.38,450192.46
2022-06-06,Keyboard Mech,East,7,30022.94,210160.6
2022-09-09,Keyboard Mech,Central,16,49782.51,796520.11
2023-05-16,Webcam HD,East,16,41744.2,667907.13
2022-05-24,Webcam HD,South,18,44204.31,795677.59
2022-02-04,Laptop Pro,Central,3,85094.34,255283.01
2023-02-27,Laptop Pro,North,5,75907.75,379538.76
2023-12-26,Office Chair,North,5,1318.16,6590.8
2022-03-03,Desk Lamp,East,20,57576.71,1151534.18
2022-01-17,Desk Lamp,West,1,48133.02,48133.02
2022-01-18,Keyboard Mech,North,17,65136.25,1107316.23
2023-05-30,Monitor 27in,North,14,72652.01,1017128.13
2022-04-09,Standing Desk,North,17,13826.32,235047.52
2023-06-24,Office Chair,Central,9,73461.69,661155.19
2022-03-22,Monitor 27in,West,12,86357.15,1036285.83
2022-09-07,Desk Lamp,Central,8,27347.73,218781.84
2022-04-06,Wireless Mouse,North,13,34444.13,447773.69
2023-10-15,Desk Lamp,North,1,63404.64,63404.64
2023-03-21,Wireless Mouse,West,11,51144.17,562585.85
2022-02-13,Wireless Mouse,Central,8,19421.83,155374.61
2022-02-17,Desk Lamp,East,3,61756.37,185269.12
2023-08-01,Monitor 27in,Central,2,16552.23,33104.46
2022-08-01,Webcam HD,North,19,13405.14,254697.75
2022-11-03,Keyboard Mech,North,6,50974.26,305845.55
2022-12-06,Keyboard Mech,Central,13,68127.03,885651.38
2023-05-28,Standing Desk,North,12,5305.83,63669.97
2022-03-19,Keyboard Mech,South,11,54662.6,601288.63
2022-01-31,Keyboard Mech,East,9,70627.56,635648.03
2022-08-22,Desk Lamp,West,12,49996.88,599962.52
2022-07-10,Keyboard Mech,West,19,59630.14,1132972.58
2022-10-30,Wireless Mouse,Central,8,64323.21,514585.71
2022-06-07,Wireless Mouse,East,13,64195.11,834536.37
2022-11-21,Standing Desk,West,12,10036.31,120435.69
2023-04-01,Laptop Pro,East,12,68640.51,823686.13
2022-03-31,Wireless Mouse,South,6,39072.67,234436.0
2022-01-27,Keyboard Mech,North,3,32175.33,96525.99
2023-09-05,Wireless Mouse,Central,11,77802.78,855830.55
2023-02-28,Laptop Pro,East,13,70235.63,913063.25
2023-06-18,Office Chair,Central,6,61835.78,371014.69
2022-10-03,Standing Desk,South,10,24522.41,245224.08
2022-06-21,Standing Desk,North,14,25198.59,352780.23
2022-03-20,Monitor 27in,West,12,23027.13,276325.52
2023-09-01,Office Chair,West,20,18001.57,360031.32
2022-11-08,Wireless Mouse,South,1,85419.7,85419.7
2023-01-25,Webcam HD,Central,11,39899.95,438899.47
2022-05-20,Keyboard Mech,Central,10,29199.53,291995.31
2022-11-18,Office Chair,West,6,86829.43,520976.57
2023-12-13,Webcam HD,East,16,87114.8,1393836.74
2023-01-21,Office Chair,East,9,73576.26,662186.33
2022-04-27,Keyboard Mech,East,19,18382.1,349259.98
2022-01-28,Standing Desk,Central,15,84896.25,1273443.82
2022-10-26,Office Chair,West,3,73797.42,221392.26
2022-05-23,Keyboard Mech,West,10,22160.89,221608.95
2023-01-22,Standing Desk,West,3,40691.47,122074.41
2023-02-15,Desk Lamp,Central,18,45841.83,825152.97
2022-02-07,Keyboard Mech,Central,12,63296.27,759555.22
2022-09-12,Wireless Mouse,North,12,15387.3,184647.54
2023-10-23,Laptop Pro,Central,13,87029.6,1131384.75
2022-04-19,Webcam HD,West,1,9325.29,9325.29
2023-06-16,Office Chair,Central,18,52456.39,944214.97
2023-01-19,Office Chair,West,13,41944.16,545274.04
2022-01-26,Standing Desk,East,16,9857.17,157714.68
2022-04-29,Keyboard Mech,North,5,31675.41,158377.07
2022-07-31,Webcam HD,West,17,43721.88,743271.91
2023-03-25,Desk Lamp,North,15,29042.4,435635.97
2023-12-29,Monitor 27in,North,4,2521.37,10085.47
2023-11-25,Webcam HD,North,6,83728.06,502368.35
2022-06-28,Office Chair,Central,18,14832.15,266978.63
2022-08-26,Keyboard Mech,West,13,56863.55,739226.13
2023-02-10,Standing Desk,West,1,66496.26,66496.26
2023-08-30,Office Chair,West,14,35300.8,494211.23
2022-10-13,Office Chair,South,3,52172.64,156517.91
2022-11-30,Standing Desk,East,7,41450.76,290155.34
2023-06-25,Monitor 27in,West,11,53928.89,593217.78
2022-04-27,Keyboard Mech,Central,12,32002.65,384031.81
2022-06-26,Desk Lamp,Central,10,82722.09,827220.91
2022-11-17,Wireless Mouse,South,4,21852.26,87409.04
2023-01-18,Wireless Mouse,South,5,46218.83,231094.13
2022-05-22,Keyboard Mech,Central,19,34842.04,661998.79
2023-10-13,Standing Desk,West,18,62562.25,1126120.44
2022-06-20,Standing Desk,Central,16,26350.71,421611.4
2023-04-07,Standing Desk,East,20,5298.21,105964.16
2023-05-12,Webcam HD,North,5,17964.0,89820.0
2023-06-02,Keyboard Mech,Central,16,37117.52,593880.39
2023-12-29,Desk Lamp,West,15,44238.61,663579.09
2022-02-01,Wireless Mouse,Central,8,26642.05,213136.38
2023-07-05,Monitor 27in,South,10,15554.7,155547.03
2023-05-23,Desk Lamp,Central,18,46217.14,831908.43
2023-07-11,Wireless Mouse,East,12,49012.88,588154.59
2023-07-14,Laptop Pro,West,7,89084.93,623594.49
2022-11-01,Wireless Mouse,South,2,40751.04,81502.09
2023-03-26,Webcam HD,North,4,69919.03,279676.13
2023-08-26,Office Chair,South,12,77563.86,930766.3
2023-09-23,Keyboard Mech,South,5,70744.01,353720.07
2023-08-07,Office Chair,North,12,48139.13,577669.58
2023-12-22,Standing Desk,East,10,26395.33,263953.25
2023-11-27,Monitor 27in,Central,4,12635.21,50540.83
2022-10-11,Keyboard Mech,North,5,63277.67,316388.37
2022-05-30,Standing Desk,South,11,74649.12,821140.33
2022-05-26,Keyboard Mech,West,19,57099.98,1084899.57
2023-04-08,Keyboard Mech,West,3,57209.68,171629.05
2023-06-12,Wireless Mouse,West,9,62675.97,564083.76
2023-05-15,Webcam HD,West,11,52585.02,578435.23
2023-10-13,Wireless Mouse,West,12,76584.51,919014.1
2023-03-16,Keyboard Mech,South,7,44776.99,313438.91
2022-12-12,Webcam HD,East,18,52225.06,940051.09
2023-11-30,Desk Lamp,East,2,4611.89,9223.78
2022-05-08,Desk Lamp,North,6,39995.09,239970.55
2022-07-27,Laptop Pro,West,5,79452.22,397261.12
2022-10-08,Monitor 27in,South,3,59085.62,177256.87
2023-01-16,Monitor 27in,North,6,5134.96,30809.77
2023-03-16,Monitor 27in,South,3,63480.97,190442.92
2023-05-04,Laptop Pro,South,3,12376.63,37129.89
2023-11-28,Office Chair,Central,15,1331.18,19967.73
2023-03-09,Webcam HD,North,5,43254.17,216270.86
2022-04-02,Office Chair,West,4,9736.54,38946.15
2022-05-21,Webcam HD,East,13,69724.71,906421.27
2022-03-12,Standing Desk,South,17,50914.56,865547.58
2022-12-26,Standing Desk,West,7,56713.16,396992.14
2023-09-23,Standing Desk,West,15,77466.65,1161999.69
2022-05-24,Wireless Mouse,North,4,53266.87,213067.46
2023-03-16,Keyboard Mech,East,11,71301.36,784314.97
2023-10-23,Office Chair,East,3,22710.95,68132.85
2023-11-06,Monitor 27in,North,10,18887.39,188873.92
2022-10-30,Office Chair,West,2,70650.24,141300.49
2023-01-31,Office Chair,West,4,22076.82,88307.27
2022-01-13,Wireless Mouse,Central,12,84086.23,1009034.81
2023-08-06,Standing Desk,West,14,33204.42,464861.82
2022-03-16,Standing Desk,West,1,53069.03,53069.03
2022-08-09,Laptop Pro,East,2,83070.85,166141.69
2022-10-21,Keyboard Mech,Central,17,69156.35,1175657.87
2022-03-26,Keyboard Mech,West,18,48620.15,875162.78
2022-03-27,Standing Desk,East,10,7572.43,75724.3
2023-07-04,Office Chair,South,11,35470.47,390175.16
2023-12-17,Wireless Mouse,East,14,65831.27,921637.85
2022-09-08,Office Chair,North,3,83254.18,249762.55
2023-09-19,Wireless Mouse,West,20,5425.06,108501.23
2022-01-13,Standing Desk,North,5,63284.22,316421.08
2022-12-22,Standing Desk,West,17,46791.44,795454.55
2023-01-16,Monitor 27in,South,5,67604.99,338024.93
2022-01-31,Monitor 27in,North,11,72736.15,800097.68
2022-03-07,Monitor 27in,Central,9,64252.93,578276.38
2023-04-12,Wireless Mouse,West,17,32731.09,556428.51
2022-06-20,Desk Lamp,Central,12,14579.24,174950.92
2023-11-22,Wireless Mouse,Central,4,20942.2,83768.78
2022-01-13,Laptop Pro,North,8,4615.35,36922.78
2022-06-03,Webcam HD,West,6,83838.83,503032.96
2023-11-03,Laptop Pro,Central,14,20594.12,288317.69
2022-11-24,Office Chair,West,9,74426.73,669840.58
2023-05-30,Webcam HD,North,2,16551.32,33102.64
2022-03-12,Laptop Pro,West,15,78009.88,1170148.27
2022-03-30,Monitor 27in,East,18,41378.78,744818.09
2022-10-26,Webcam HD,South,19,70713.4,1343554.52
2023-01-13,Office Chair,West,19,87481.27,1662144.1
2022-09-09,Office Chair,Central,5,1070.82,5354.1
2022-08-27,Keyboard Mech,North,18,31504.92,567088.58
2022-01-02,Laptop Pro,East,13,76486.04,994318.47
2022-07-30,Monitor 27in,North,17,88488.86,1504310.6
2022-03-03,Keyboard Mech,West,5,64192.9,320964.48
2022-08-26,Wireless Mouse,North,17,37468.58,636965.93
2022-03-28,Webcam HD,West,19,9054.14,172028.7
2022-03-18,Standing Desk,West,19,51319.96,975079.15
2022-08-31,Keyboard Mech,South,10,23858.69,238586.89
2023-12-19,Webcam HD,West,11,28966.17,318627.82
2022-03-18,Monitor 27in,South,7,12682.01,88774.07
2022-04-19,Wireless Mouse,South,6,40736.22,244417.34
2022-05-04,Webcam HD,West,18,32566.73,586201.08
2022-11-12,Office Chair,West,15,24218.21,363273.14
2022-06-11,Wireless Mouse,North,10,74461.61,744616.09
2022-12-02,Laptop Pro,South,5,8663.55,43317.77
2023-02-10,Office Chair,East,17,4881.08,82978.36
2022-06-28,Monitor 27in,East,1,85712.65,85712.65
2023-07-18,Desk Lamp,Central,8,8977.91,71823.3
2022-05-05,Wireless Mouse,South,1,6019.39,6019.39
2022-07-22,Office Chair,South,13,33815.46,439600.94
2023-08-24,Wireless Mouse,Central,9,82609.86,743488.72
2022-03-08,Wireless Mouse,North,7,81273.4,568913.8
2022-04-05,Desk Lamp,South,11,11466.23,126128.48
2022-06-22,Desk Lamp,North,19,39267.5,746082.42
2022-01-31,Keyboard Mech,West,13,61647.56,801418.23
2022-08-08,Standing Desk,East,6,25110.87,150665.21
2022-02-05,Desk Lamp,South,20,55916.3,1118326.02
2023-05-26,Office Chair,East,14,79508.68,1113121.55
2022-03-31,Desk Lamp,North,9,34779.87,313018.8
2023-10-21,Keyboard Mech,South,17,22798.72,387578.31
2023-01-03,Laptop Pro,West,16,49234.34,787749.5
2023-08-03,Desk Lamp,East,17,29283.6,497821.12
2022-01-27,Monitor 27in,South,11,53941.91,593361.05
2022-03-01,Laptop Pro,East,16,47884.19,766147.04
2022-04-13,Office Chair,South,8,59289.37,474314.93
2022-02-27,Monitor 27in,Central,8,52024.44,416195.55
2022-06-27,Keyboard Mech,East,6,21671.33,130027.96
2023-08-29,Webcam HD,East,1,63459.03,63459.03
2023-08-01,Webcam HD,Central,5,50898.25,254491.23
2023-07-10,Office Chair,West,10,16212.33,162123.31
2022-02-27,Laptop Pro,North,8,54348.82,434790.56
2023-05-05,Laptop Pro,Central,1,30190.19,30190.19
2022-12-15,Office Chair,South,6,82730.88,496385.28
2022-01-23,Webcam HD,North,5,53001.52,265007.61
2023-06-23,Standing Desk,North,12,86470.01,1037640.1
2023-08-24,Webcam HD,West,4,30622.22,122488.86
2022-06-11,Webcam HD,South,14,71369.91,999178.68
2022-06-28,Desk Lamp,East,18,62573.66,1126325.8
2023-11-13,Webcam HD,South,19,73393.65,1394479.43
2023-12-07,Keyboard Mech,East,10,11897.68,118976.79
2023-02-05,Laptop Pro,Central,19,3398.26,64566.85
2022-08-15,Webcam HD,Central,19,9817.87,186539.45
2022-12-06,Desk Lamp,South,3,21800.64,65401.91
2023-10-14,Webcam HD,South,3,74038.73,222116.19
2022-01-12,Webcam HD,West,9,19266.74,173400.69
2022-09-20,Wireless Mouse,East,4,64977.02,259908.06
2023-03-25,Laptop Pro,West,14,87234.61,1221284.59
2023-01-23,Keyboard Mech,West,12,49369.15,592429.74
2023-08-15,Wireless Mouse,West,8,15057.76,120462.06
2022-10-29,Wireless Mouse,North,1,29025.16,29025.16
2022-12-17,Wireless Mouse,North,6,79969.85,479819.09
2023-07-15,Standing Desk,North,3,30746.58,92239.73
2023-03-18,Desk Lamp,North,6,54854.93,329129.56
2022-02-24,Keyboard Mech,South,4,30132.96,120531.86
2023-12-15,Office Chair,West,18,65122.41,1172203.39
2022-11-01,Monitor 27in,East,8,9084.47,72675.8
2023-07-17,Keyboard Mech,Central,16,14246.3,227940.79
2023-03-14,Webcam HD,North,3,26862.18,80586.53
2022-04-10,Desk Lamp,South,1,19022.29,19022.29
2023-04-30,Monitor 27in,North,4,28097.63,112390.52
2023-05-16,Keyboard Mech,West,9,8656.75,77910.75
2023-01-15,Keyboard Mech,South,13,33561.45,436298.84
2022-09-27,Desk Lamp,North,15,42122.69,631840.31
2023-08-01,Office Chair,East,2,14026.2,28052.39
2023-11-16,Wireless Mouse,North,12,72832.12,873985.49
2022-08-21,Keyboard Mech,Central,18,5958.05,107244.81
2023-03-05,Keyboard Mech,Central,18,61992.58,1115866.44
2022-08-30,Desk Lamp,Central,16,27247.26,435956.22
2023-05-30,Keyboard Mech,North,19,81090.73,1540723.83
2023-04-05,Standing Desk,North,6,85441.0,512646.02
2022-07-17,Standing Desk,South,5,4319.49,21597.47
2022-07-26,Wireless Mouse,West,5,75152.68,375763.38
2022-03-10,Monitor 27in,East,3,35234.87,105704.62
2022-11-30,Keyboard Mech,Central,9,47012.09,423108.83
2023-08-25,Laptop Pro,Central,17,70460.87,1197834.73
2022-06-03,Wireless Mouse,West,5,51210.16,256050.78
2023-07-31,Wireless Mouse,North,4,70824.23,283296.94
2022-09-28,Webcam HD,West,13,59103.5,768345.45
2022-06-26,Desk Lamp,North,9,36566.17,329095.52
2023-02-10,Keyboard Mech,North,11,62300.98,685310.79
2022-10-03,Laptop Pro,West,12,2310.84,27730.12
2022-10-15,Monitor 27in,East,16,77312.01,1236992.21
2022-05-18,Wireless Mouse,South,10,87692.64,876926.39
2022-10-03,Desk Lamp,East,14,54645.63,765038.85
2023-03-29,Wireless Mouse,South,7,82252.24,575765.65
2023-06-13,Keyboard Mech,West,12,73981.06,887772.68
2022-11-15,Standing Desk,North,17,36602.97,622250.49
2022-07-17,Laptop Pro,South,7,75409.41,527865.89
2023-04-13,Office Chair,North,2,82663.78,165327.56
2023-01-13,Office Chair,East,15,45708.81,685632.16
2022-09-05,Wireless Mouse,North,12,44246.41,530956.96
2023-05-01,Desk Lamp,South,19,49844.37,947042.99
2022-09-22,Webcam HD,South,3,26013.71,78041.13
2022-06-16,Keyboard Mech,North,19,70294.8,1335601.14
2023-10-25,Office Chair,South,8,61153.72,489229.8
2023-06-10,Monitor 27in,West,1,77884.38,77884.38
2022-05-16,Laptop Pro,West,6,54302.2,325813.23
2022-09-16,Laptop Pro,South,20,72555.16,1451103.17
2023-03-10,Monitor 27in,East,13,76716.96,997320.51
2022-08-12,Desk Lamp,East,15,27541.99,413129.79
2022-04-15,Keyboard Mech,Central,1,46280.48,46280.48
2023-10-25,Webcam HD,Central,20,55009.98,1100199.69
2023-05-09,Monitor 27in,North,3,30597.39,91792.16
2022-10-11,Monitor 27in,East,9,59222.7,533004.34
2022-06-03,Monitor 27in,South,17,69009.96,1173169.28
2023-02-18,Laptop Pro,Central,11,61427.64,675704.04
2022-10-30,Laptop Pro,West,9,81668.58,735017.26
2022-02-06,Keyboard Mech,West,19,63872.17,1213571.27
2022-08-16,Office Chair,East,18,57629.07,1037323.19
2023-06-04,Desk Lamp,East,10,76165.02,761650.22
2022-04-10,Standing Desk,East,16,11951.0,191216.01
2022-07-07,Monitor 27in,Central,11,59071.9,649790.91
2022-08-17,Office Chair,East,10,38132.29,381322.95
2022-09-24,Webcam HD,East,19,26817.58,509533.93
2022-02-24,Wireless Mouse,West,19,52438.02,996322.44
2022-07-19,Wireless Mouse,West,17,11223.53,190799.95
2022-11-02,Keyboard Mech,Central,14,5338.55,74739.65
2022-07-25,Standing Desk,South,11,37122.67,408349.37
2022-11-20,Desk Lamp,South,6,70215.24,421291.41
2023-10-09,Desk Lamp,East,6,28550.56,171303.36
2023-04-08,Laptop Pro,North,9,19239.72,173157.5
2022-06-12,Standing Desk,Central,16,70776.38,1132422.02
2023-09-22,Wireless Mouse,South,14,57197.13,800759.89
2023-05-04,Keyboard Mech,West,13,917.89,11932.54
2022-01-15,Office Chair,East,11,68237.87,750616.6
2023-11-24,Office Chair,North,1,56588.48,56588.48
2023-12-12,Office Chair,South,12,28432.26,341187.09
2023-05-31,Wireless Mouse,West,19,27897.3,530048.71
2022-11-02,Wireless Mouse,North,10,41305.4,413054.05
2023-12-05,Webcam HD,West,5,31174.59,155872.95
2022-07-12,Desk Lamp,East,6,85353.55,512121.3
2022-08-22,Keyboard Mech,North,8,65581.61,524652.88
2022-01-23,Standing Desk,South,19,45664.7,867629.36
2023-12-30,Wireless Mouse,East,2,34079.72,68159.45
2023-10-01,Monitor 27in,Central,2,53656.2,107312.41
2023-11-01,Laptop Pro,North,1,4817.04,4817.04
2023-03-31,Wireless Mouse,West,13,11561.76,150302.86
2023-12-20,Monitor 27in,West,5,18891.79,94458.97
2023-03-07,Laptop Pro,East,4,59792.23,239168.9
2023-09-13,Monitor 27in,Central,5,37984.9,189924.52
2023-09-25,Wireless Mouse,Central,4,25802.26,103209.02
2022-07-23,Wireless Mouse,West,20,18377.57,367551.4
2022-07-26,Monitor 27in,Central,12,63457.59,761491.07
2022-02-10,Monitor 27in,South,18,44923.75,808627.44
2022-12-05,Office Chair,West,8,745.05,5960.41
2023-08-11,Wireless Mouse,North,16,13848.43,221574.91
2022-03-18,Wireless Mouse,Central,4,81477.75,325911.02
2022-10-31,Office Chair,West,9,42052.82,378475.41
2022-02-10,Wireless Mouse,South,10,32739.21,327392.12
2022-04-29,Webcam HD,West,4,76686.51,306746.03
2022-05-22,Laptop Pro,North,6,29915.14,179490.86
2022-10-02,Desk Lamp,Central,3,33849.68,101549.05
2022-04-27,Webcam HD,South,13,36322.4,472191.14
2023-01-30,Desk Lamp,East,16,72090.97,1153455.51
2022-05-16,Standing Desk,North,2,88350.44,176700.88
2023-03-03,Standing Desk,North,19,43699.4,830288.58
2023-09-18,Desk Lamp,South,13,70235.2,913057.66
2023-05-10,Laptop Pro,South,16,10607.9,169726.47
2022-02-17,Keyboard Mech,West,3,23914.35,71743.05
2023-12-23,Webcam HD,North,17,69193.82,1176294.94
2023-06-16,Office Chair,East,17,62097.63,1055659.66
2023-11-09,Wireless Mouse,West,8,43632.71,349061.65
2023-07-26,Keyboard Mech,South,20,5383.67,107673.35
2023-04-26,Standing Desk,Central,16,78312.7,1253003.19
2022-11-25,Wireless Mouse,West,8,30115.09,240920.71
2023-06-04,Monitor 27in,North,8,49769.35,398154.83
2022-08-29,Keyboard Mech,West,3,41588.97,124766.9
2023-05-26,Desk Lamp,North,15,28787.51,431812.6
2022-04-16,Desk Lamp,North,13,37404.3,486255.9
2023-09-11,Laptop Pro,North,20,57559.66,1151193.24
2022-12-16,Office Chair,West,12,74365.33,892384.0
2022-12-06,Office Chair,West,18,69183.77,1245307.82
2023-04-09,Desk Lamp,East,4,9220.61,36882.45
2022-12-16,Office Chair,North,12,74774.61,897295.29
2023-06-19,Monitor 27in,Central,12,63337.6,760051.16
2023-05-20,Laptop Pro,South,5,74054.56,370272.8
2022-09-18,Keyboard Mech,North,20,18034.97,360699.43
2022-08-09,Wireless Mouse,West,15,74297.6,1114463.94
2022-04-21,Office Chair,East,14,4661.78,65264.95
2023-04-14,Wireless Mouse,West,19,86079.03,1635501.64
2022-01-05,Standing Desk,West,17,66391.15,1128649.49
2023-05-10,Keyboard Mech,Central,17,70406.79,1196915.5
2022-06-27,Standing Desk,Central,5,9768.08,48840.4
2023-01-29,Webcam HD,Central,14,88165.32,1234314.45
2023-02-12,Office Chair,East,11,87359.0,960949.03
2022-05-22,Desk Lamp,South,14,54425.94,761963.14
2022-11-18,Monitor 27in,Central,18,57116.2,1028091.67
2023-10-02,Office Chair,South,10,61951.71,619517.11
2023-05-31,Standing Desk,South,18,62640.92,1127536.59
2022-12-27,Webcam HD,North,18,43493.11,782875.94
2022-10-20,Keyboard Mech,Central,14,72843.28,1019805.89
2023-01-26,Wireless Mouse,North,5,5249.32,26246.59
2022-10-01,Laptop Pro,South,6,88526.15,531156.9
2022-03-05,Monitor 27in,South,10,18758.08,187580.81
2023-04-09,Laptop Pro,East,4,55641.74,222566.96
2023-02-03,Office Chair,Central,8,46227.55,369820.37
2023-01-26,Monitor 27in,North,13,37782.68,491174.82
2022-02-25,Webcam HD,Central,1,67058.46,67058.46
2023-03-30,Office Chair,Central,8,82078.03,656624.25
2023-07-14,Webcam HD,Central,20,18083.98,361679.66
2023-04-05,Office Chair,East,6,88519.07,531114.43
2022-06-27,Wireless Mouse,South,17,11182.17,190096.82
2022-10-13,Laptop Pro,West,18,24149.44,434689.99
2022-09-19,Standing Desk,Central,1,30085.37,30085.37
2022-06-07,Standing Desk,North,11,53920.79,593128.69
2023-08-10,Monitor 27in,West,18,32548.66,585875.88
2022-08-14,Webcam HD,Central,6,47094.26,282565.58
2023-07-11,Standing Desk,West,18,36605.83,658904.89
2022-08-07,Webcam HD,South,11,30130.46,331435.01
2023-09-26,Monitor 27in,South,17,42999.72,730995.21
2023-11-16,Laptop Pro,North,12,40387.22,484646.62
2023-11-30,Office Chair,North,11,34632.85,380961.33
2022-09-20,Wireless Mouse,West,18,65295.82,1175324.71
2023-01-19,Laptop Pro,Central,17,72352.1,1229985.67
2022-02-14,Desk Lamp,West,10,80896.2,808962.04
2023-06-11,Office Chair,East,3,85364.96,256094.87
2023-07-01,Standing Desk,Central,1,56610.51,56610.51
2023-12-03,Office Chair,South,14,75292.02,1054088.34
2023-12-21,Office Chair,Central,14,58367.22,817141.13
2022-01-25,Wireless Mouse,South,15,64659.71,969895.67
2022-03-17,Laptop Pro,North,2,16430.3,32860.6
2022-03-14,Monitor 27in,Central,19,74034.93,1406663.65
2023-02-02,Monitor 27in,West,15,56904.45,853566.68
2022-01-18,Keyboard Mech,East,13,60760.24,789883.08
2022-03-06,Laptop Pro,Central,19,4573.76,86901.41
2023-05-30,Wireless Mouse,East,4,26440.38,105761.5
2022-03-30,Monitor 27in,Central,10,68992.04,689920.45
2023-02-09,Desk Lamp,West,1,42921.9,42921.9
2023-02-05,Office Chair,South,18,26900.57,484210.31
2023-11-25,Standing Desk,East,12,86186.55,1034238.63
2023-07-23,Laptop Pro,Central,5,11529.55,57647.73
2023-09-03,Laptop Pro,Central,13,48575.11,631476.41
2022-08-04,Wireless Mouse,East,12,19450.46,233405.48
2022-07-08,Standing Desk,South,8,55711.2,445689.61
2022-04-28,Monitor 27in,South,6,60552.52,363315.14
2023-04-18,Laptop Pro,Central,18,7046.44,126835.91
2022-04-11,Wireless Mouse,East,7,65440.24,458081.67
2023-01-01,Desk Lamp,East,5,60580.95,302904.77
2022-10-19,Office Chair,North,20,6747.9,134957.9
2023-05-13,Office Chair,East,15,29886.97,448304.61
2022-06-06,Monitor 27in,Central,19,51234.14,973448.65
2022-06-22,Webcam HD,West,1,28532.72,28532.72
2022-10-11,Office Chair,West,12,12520.37,150244.46
2023-04-19,Webcam HD,West,15,32607.37,489110.6
2023-07-19,Monitor 27in,West,4,16231.43,64925.72
2022-05-24,Wireless Mouse,East,18,18080.66,325451.84
2022-01-20,Wireless Mouse,North,17,57030.57,969519.71
2022-08-06,Keyboard Mech,Central,2,49867.66,99735.33
2023-01-10,Desk Lamp,South,13,20485.94,266317.28
2023-04-21,Monitor 27in,South,17,46181.87,785091.85
2023-05-30,Keyboard Mech,East,1,59809.72,59809.72
2022-05-24,Standing Desk,Central,15,14750.41,221256.1
2023-01-03,Standing Desk,West,2,20084.31,40168.62
2022-03-06,Desk Lamp,South,9,33564.45,302080.04
2023-06-15,Laptop Pro,South,12,35234.33,422812.0
2022-02-10,Desk Lamp,North,11,9738.64,107125.03
2023-08-16,Monitor 27in,East,18,51529.33,927528.0
2023-01-10,Keyboard Mech,West,19,58973.62,1120498.8
2022-09-15,Wireless Mouse,Central,13,87554.33,1138206.33
2023-02-20,Office Chair,Central,12,73642.69,883712.29
2023-05-09,Webcam HD,West,20,1090.49,21809.86
2022-06-19,Standing Desk,West,8,7399.4,59195.17
2022-06-03,Monitor 27in,South,6,14583.48,87500.9
2023-03-01,Wireless Mouse,South,11,64962.88,714591.7
2023-05-06,Desk Lamp,West,7,53375.79,373630.5
2022-09-07,Keyboard Mech,North,2,11945.72,23891.44
2023-10-07,Standing Desk,South,17,4007.58,68128.9
2022-06-20,Standing Desk,North,9,83058.99,747530.95
2023-08-01,Keyboard Mech,Central,1,79126.55,79126.55
2022-08-10,Monitor 27in,North,15,54784.07,821761.02
2022-06-24,Desk Lamp,West,8,74817.54,598540.32
2022-07-06,Standing Desk,Central,20,59538.56,1190771.26
2023-12-04,Monitor 27in,South,11,83050.5,913555.49
2023-01-23,Wireless Mouse,South,13,12333.08,160330.06
2023-06-20,Laptop Pro,South,17,61750.92,1049765.66
2022-04-09,Standing Desk,Central,6,43090.29,258541.75
2023-05-31,Laptop Pro,Central,4,8840.5,35362.01
2023-07-07,Standing Desk,Central,1,80778.72,80778.72
2023-03-07,Keyboard Mech,Central,12,78796.77,945561.3
2023-05-09,Keyboard Mech,South,13,31871.34,414327.48
2022-05-18,Wireless Mouse,West,9,43204.14,388837.27
2022-10-18,Office Chair,North,20,78970.59,1579411.7
2022-07-13,Keyboard Mech,East,1,63968.82,63968.82
2023-06-20,Laptop Pro,Central,4,47018.69,188074.74
2023-12-06,Keyboard Mech,South,11,37091.63,408007.98
2023-03-13,Wireless Mouse,South,19,23200.13,440802.45
2023-01-10,Keyboard Mech,Central,20,25162.67,503253.37
2023-02-28,Keyboard Mech,South,18,70649.06,1271683.14
2023-01-15,Desk Lamp,South,18,50164.57,902962.19
2023-08-15,Monitor 27in,East,12,69790.41,837484.88
2023-11-07,Keyboard Mech,South,4,67429.37,269717.48
2022-04-13,Desk Lamp,South,7,45996.75,321977.23
2023-09-21,Webcam HD,Central,2,14886.05,29772.1
2022-05-29,Laptop Pro,North,16,83364.63,1333834.08
2022-03-07,Keyboard Mech,North,9,20348.44,183135.93
2022-02-08,Wireless Mouse,Central,13,83796.31,1089351.99
2023-11-03,Keyboard Mech,Central,17,26139.0,444362.94
2023-10-18,Laptop Pro,South,16,39788.0,636607.97
2022-10-20,Office Chair,Central,7,3508.04,24556.26
2022-06-23,Office Chair,Central,2,32696.73,65393.46
2022-03-30,Laptop Pro,South,9,70280.72,632526.5
2023-02-20,Webcam HD,West,19,18427.78,350127.81
2022-04-03,Laptop Pro,North,18,25962.19,467319.49
2022-10-11,Webcam HD,East,8,54769.53,438156.2
2023-02-18,Office Chair,West,19,916.3,17409.79
2023-06-03,Standing Desk,West,4,50497.45,201989.8
2022-04-30,Monitor 27in,East,17,86125.49,1464133.28
2023-01-22,Monitor 27in,West,19,43784.88,831912.64
2023-04-15,Office Chair,East,15,80738.88,1211083.23
2022-04-30,Laptop Pro,West,9,6546.11,58914.96
2022-11-20,Office Chair,South,14,86012.39,1204173.45
2022-09-12,Laptop Pro,East,10,8824.34,88243.44
2023-07-22,Webcam HD,North,6,43151.71,258910.28
2023-08-11,Webcam HD,South,9,16859.21,151732.88
2022-07-24,Office Chair,West,8,66320.9,530567.21
2022-08-23,Monitor 27in,South,7,75227.17,526590.21
2022-04-20,Webcam HD,South,4,82856.84,331427.35
2022-01-07,Desk Lamp,Central,18,86240.38,1552326.87
2023-09-28,Desk Lamp,East,11,44564.46,490209.1
2022-07-07,Monitor 27in,West,17,25583.86,434925.67
2022-05-12,Office Chair,Central,2,47553.32,95106.64
2023-07-08,Keyboard Mech,West,2,45471.53,90943.06
2023-04-14,Keyboard Mech,South,4,62992.89,251971.56
2023-12-07,Desk Lamp,East,1,1557.89,1557.89
2023-08-18,Office Chair,West,4,29626.54,118506.16
2023-07-16,Monitor 27in,South,9,21723.95,195515.59
2022-12-18,Desk Lamp,Central,12,16960.27,203523.29
2023-03-06,Keyboard Mech,South,12,33174.48,398093.76
2023-04-07,Keyboard Mech,East,6,51641.17,309847.02
2022-10-04,Office Chair,North,8,50202.93,401623.47
2022-05-30,Keyboard Mech,South,5,42832.34,214161.69
2023-03-08,Laptop Pro,South,16,12535.22,200563.45
2022-11-04,Webcam HD,West,9,50811.39,457302.52
2022-04-12,Laptop Pro,West,6,5873.26,35239.53
2023-10-07,Monitor 27in,West,4,40762.01,163048.03
2023-01-05,Webcam HD,East,12,50651.33,607815.94
2022-01-21,Monitor 27in,East,14,11350.76,158910.57
2023-08-13,Office Chair,Central,18,16121.23,290182.06
2022-11-29,Monitor 27in,East,17,44130.69,750221.73
2023-01-26,Desk Lamp,North,20,26143.86,522877.2
2023-10-18,Standing Desk,South,11,38252.58,420778.33
2022-03-23,Keyboard Mech,North,6,31254.48,187526.89
2023-10-31,Webcam HD,East,10,64083.8,640837.97
2023-04-01,Keyboard Mech,East,12,67436.65,809239.77
2022-06-21,Desk Lamp,West,6,76951.96,461711.76
2023-11-09,Standing Desk,South,9,84669.14,762022.28
2022-06-20,Wireless Mouse,South,13,9719.33,126351.34
2023-07-16,Wireless Mouse,West,2,2859.66,5719.32
2022-03-27,Keyboard Mech,Central,4,23989.48,95957.91
2023-11-02,Standing Desk,North,13,28188.67,366452.76
2023-03-30,Office Chair,East,5,12249.3,61246.51
2022-02-05,Standing Desk,North,12,77503.01,930036.11
2023-04-24,Webcam HD,West,18,84169.75,1515055.55
2023-12-16,Desk Lamp,South,18,16344.78,294206.03
